<?xml version="1.0" encoding="UTF-8"?>
<project-private xmlns="http://www.netbeans.org/ns/project-private/1">
    <editor-bookmarks xmlns="http://www.netbeans.org/ns/editor-bookmarks/2" lastBookmarkId="0"/>
    <open-files xmlns="http://www.netbeans.org/ns/projectui-open-files/2">
        <group>
            <file>file:/C:/Users/Tlinh/Downloads/TestDemo1%20(2)/TestDemo1/src/java/dal/DAO.java</file>
            <file>file:/C:/Users/Tlinh/Downloads/TestDemo1%20(2)/TestDemo1/web/ListLecture.jsp</file>
            <file>file:/C:/Users/Tlinh/Downloads/TestDemo1%20(2)/TestDemo1/src/java/controller/DeleteLecture.java</file>
            <file>file:/C:/Users/Tlinh/Downloads/TestDemo1%20(2)/TestDemo1/src/java/controller/UpdateLecture.java</file>
            <file>file:/C:/Users/Tlinh/Downloads/TestDemo1%20(2)/TestDemo1/web/UpdateLecture.jsp</file>
            <file>file:/C:/Users/Tlinh/Downloads/TestDemo1%20(2)/TestDemo1/src/java/controller/SearchLecture.java</file>
            <file>file:/C:/Users/Tlinh/Downloads/TestDemo1%20(2)/TestDemo1/web/AddLecture.jsp</file>
            <file>file:/C:/Users/Tlinh/Downloads/TestDemo1%20(2)/TestDemo1/web/css/foster.css</file>
            <file>file:/C:/Users/Tlinh/Downloads/TestDemo1%20(2)/TestDemo1/web/css/addStyles.css</file>
        </group>
    </open-files>
</project-private>
