Use swp339
GO
INSERT INTO role (id, func) 
VALUES
(1,'ADMIN'),
(2,'Lecture'),
(3,'Student')

INSERT INTO account (userName, [password],email, rolid) 
VALUES
('trunghieu','123','trunghieu200hhh3@gmail.com',2),
('sonnt','123','sonnt@example.com',2),
('trunghieu2003hhh@gmail.com','123','trunghieu2003hhh@gmail.com',3)

INSERT INTO Student (id, name, dob, email, imgUrl,userName) 
VALUES
('he1','Tran Trung Hieu', '2003-01-01', 'trunghieu2003hhh@gmail.com', 'male.png','trunghieu2003hhh@gmail.com'),
('he2','Nguyen Thi Dieu Linh', '2003-02-02', 'nguyenthidieulinh@example.com', 'female.png', NULL),
('he3','Dinh Gian Han', '2003-03-03', 'dinhhangian@example.com', 'male.png', NULL),
('he4','Do Thuy Linh', '2003-04-04', 'dothuylinh@example.com', 'female.png', NULL),
('he5','Ha Van Nam', '2003-05-05', 'havannam@example.com', 'male.png', NULL),
('he6','Ha Thi Thuong', '2003-06-06', 'hathithuong@example.com', 'female.png', NULL),
('he7','Trinh Thi Trang', '2003-07-07', 'trinhthitrang@example.com', 'male.png', NULL),
('he8','Nguyen Thi Thanh Huyen', '2003-08-08', 'nguyenthithanhhuyen@example.com', 'female.png', NULL),
('he9','Hoang Thi Ngoc Anh', '2003-09-09', 'hoangthingocanh@example.com', 'male.png', NULL),
('he10','Le Thi Mai Phuong', '2003-10-10', 'lethimaiphuong@example.com', 'female.png', NULL),
('he11','Pham Thi Thanh Nga', '2003-11-11', 'phamthithanhnga@example.com', 'male.png', NULL),
('he12','Tran Thi Thu Hang', '2003-12-12', 'tranthithuhang@example.com', 'female.png', NULL),
('he13','Vo Thi Kim Anh', '2003-01-13', 'vothikimanh@example.com', 'male.png', NULL),
('he14','Nguyen Thi Huong Giang', '2003-02-14', 'nguyenthihuonggiang@example.com', 'female.png', NULL),
('he15','Bui Thi Thanh Ha', '2003-03-15', 'buithithanhha@example.com', 'male.png', NULL),
('he16','Nguyen Thi Thuy Linh', '2003-04-16', 'nguyenthithuylinh@example.com', 'female.png', NULL),
('he17','Tran Thi Ngoc Tram', '2003-05-17', 'tranthingoctram@example.com', 'male.png', NULL),
('he18','Ngo Thi Thanh Thuy', '2003-06-18', 'ngothithanhthuy@example.com', 'female.png', NULL),
('he19','Le Thi Thanh Tam', '2003-07-19', 'lethithanhtam@example.com', 'male.png', NULL),
('he20','Phan Thi Phuong Anh', '2003-08-20', 'phanthiphuonganh@example.com', 'female.png', NULL),
('he21','Hoang Thi Thu Hien', '2003-09-21', 'hoangthithuhien@example.com', 'male.png', NULL),
('he22','Nguyen Thi Bich Ngoc', '2003-10-22', 'nguyenthibichngoc@example.com', 'female.png', NULL),
('he23','Tran Thi Kim Chi', '2003-11-23', 'tranthikimchi@example.com', 'male.png', NULL),
('he24','Vu Thi Lan Anh', '2003-12-24', 'vuthilanh@example.com', 'female.png', NULL),
('he25','Pham Thi Huong Ly', '2003-01-25', 'phamthihuongly@example.com', 'male.png', NULL),
('he26','Hoang Thi Thanh Nga', '2003-02-26', 'hoangthithanhnga@example.com', 'female.png', NULL),
('he27','Tran Thi Thanh Tu', '2003-03-27', 'tranthithanhtu@example.com', 'male.png', NULL),
('he28','Le Thi Thu Thao', '2003-04-28', 'lethithuthao@example.com', 'female.png', NULL),
('he29','Nguyen Thi Thanh Mai', '2003-05-29', 'nguyenthithanhmai@example.com', 'male.png', NULL),
('he30','Do Thi Thu Ha', '2003-06-30', 'dothithuha@example.com', 'female.png', NULL),
('he31','Trinh Thi Thuy Linh', '2003-07-31', 'trinhthithuylinh@example.com', 'male.png', NULL),
('he32','Le Thi Hong Loan', '2003-08-01', 'lethihongloan@example.com', 'female.png', NULL),
('he33','Nguyen Thi Thanh Truc', '2003-09-02', 'nguyenthithanhtruc@example.com', 'male.png', NULL),
('he34','Pham Thi Kim Ngan', '2003-10-03', 'phamthikimngan@example.com', 'female.png', NULL),
('he35','Vo Thi Kim Anh', '2003-11-04', 'vothikimanh@example.com', 'male.png', NULL),
('he36','Hoang Thi My Linh', '2003-12-05', 'hoangthimylinh@example.com', 'female.png', NULL),
('he37','Bui Thi Thu Ha', '2003-01-06', 'buithithuha@example.com', 'male.png', NULL),
('he38','Nguyen Thi Thanh Van', '2003-02-07', 'nguyenthithanhvan@example.com', 'female.png', NULL),
('he39','Le Thi Thanh Nga', '2003-03-08', 'lethithanhnga@example.com', 'male.png', NULL),
('he40','Pham Thi Hong Anh', '2003-04-09', 'phamthihonganh@example.com', 'female.png', NULL),
('he41','Tran Thi Thanh Thuy', '2003-05-10', 'tranthithanhthuy@example.com', 'male.png', NULL),
('he42','Do Thi Ngoc Anh', '2003-06-11', 'dothingocanh@example.com', 'female.png', NULL),
('he43','Nguyen Thi Thanh Huyen', '2003-07-12', 'nguyenthithanhhuyen@example.com', 'male.png', NULL),
('he44','Hoang Thi Thu Trang', '2003-08-13', 'hoangthithutrang@example.com', 'female.png', NULL),
('he45','Trinh Thi Thu Huong', '2003-09-14', 'trinhthithuhuong@example.com', 'male.png', NULL),
('he46','Nguyen Thi Thanh Trang', '2003-10-15', 'nguyenthithanhtrang@example.com', 'female.png', NULL),
('he47','Vu Thi Thanh Xuan', '2003-11-16', 'vuthithanhxuan@example.com', 'male.png', NULL),
('he48','Le Thi Thanh Huong', '2003-12-17', 'lethithanhhuong@example.com', 'female.png', NULL),
('he49','Tran Thi Thanh Thao', '2003-01-18', 'tranthithanhthao@example.com', 'male.png', NULL),
('he50','Nguyen Thi Thuy Trang', '2003-02-19', 'nguyenthithuytrang@example.com', 'female.png', NULL),
('he51','Pham Thi Ngoc Trinh', '2003-03-20', 'phamthingoctrinh@example.com', 'male.png', NULL),
('he52','Tran Thi Thanh Thuy', '2003-04-21', 'tranthithanhthuy@example.com', 'female.png', NULL),
('he53','Hoang Thi Thanh Nga', '2003-05-22', 'hoangthithanhnga@example.com', 'male.png', NULL),
('he54','Nguyen Thi Kim Ngan', '2003-06-23', 'nguyenthikimngan@example.com', 'female.png', NULL),
('he55','Do Thi Thu Ha', '2003-07-24', 'dothithuha@example.com', 'male.png', NULL),
('he56','Nguyen Thi Thuy Linh', '2003-08-25', 'nguyenthithuylinh@example.com', 'female.png', NULL),
('he57','Le Thi Thanh Thuy', '2003-09-26', 'lethithanhthuy@example.com', 'male.png', NULL),
('he58','Tran Thi Thanh Thao', '2003-10-27', 'tranthithanhthao@example.com', 'female.png', NULL),
('he59','Nguyen Thi Thanh Hang', '2003-11-28', 'nguyenthithanhhang@example.com', 'male.png', NULL),
('he60','Vu Thi Thu Trang', '2003-12-29', 'vuthithutrang@example.com', 'female.png', NULL);






INSERT INTO Lecture (id, name, dob, email,userName) VALUES
(1, 'Ngo Tung Son', '1970-01-01', 'sonnt@example.com','sonnt'),
(2, 'Nguyen Ngoc Anh', '1975-02-02', 'anhnn@example.com',NULL),
(3, 'Vu Tien Dung', '1980-03-03', 'dungvt@example.com',NULL),
(4, 'Nguyen Thi Hai Yen', '1985-04-04', 'yenntt@example.com',NULL),
(5, 'Hoang Van E', '1990-05-05', 'hoangvane@example.com',NULL),
(6, 'Nguyen Thi F', '1995-06-06', 'nguyenthif@example.com',NULL),
(7, 'Tran Van G', '2000-07-07', 'tranvang@example.com',NULL),
(8, 'Le Thi H', '2005-08-08', 'lethih@example.com',NULL),
(9, 'Pham Van I', '2010-09-09', 'phamvani@example.com',NULL),
(10, 'Nguyen Van K', '2015-10-10', 'nguyenvank@example.com',NULL);




INSERT INTO course (code, [description]) VALUES
('SSL101c', 'Academic Skills for University Success'),
('CSI104', 'Introduction to Computer Science'),
('PRF192', 'Programming Fundamentals'),
('MAE101', 'Mathematics for Engineering'),
('CEA201', 'Computer Organization and Architecture'),
('PRO192', 'Object-Oriented Programming'),
('MAD101', 'Discrete mathematics'),
('OSG202', 'Operating Systems'),
('NWC203c', 'Computer Networking'),
( 'SSG104', 'Communication and In-Group Working Skills'),
( 'JPD113', 'Elementary Japanese 1-A1.1'),
( 'CSD201', 'Data Structures and Algorithms'),
( 'DBI202', 'Introduction to Databases'),
( 'LAB211', 'OOP with Java Lab'),
( 'WED201c', 'Web Design'),
( 'MAS291', 'Statistics and Probability'),
( 'JPD123', 'Elementary Japanese 1-A1.2'),
( 'IOT102', 'Internet vạn vật'),
( 'PRJ301', 'Java Web Application Development'),
( 'SWE201c', 'Introduction to Software Engineering');


insert into  timeslot values
('7h30-10h'),
('10h-12h30'),
('12h40-3h10'),
('3h10-5h40')

insert into room values
('be101'),
('be102'),
('al201'),
('al202'),
('de201')


insert into term values 
('sp23','Spring 2023','2023-01-01','2023-03-31'),
('su23','Summer 2023','2023-04-01','2023-08-31'),
('fa23','Fall 2023','2023-09-01','2023-12-31'),
('sp24','Spring 2024','2024-01-01','2024-03-31')



INSERT INTO [Group] ([name], courseId, termID, roomID, timeSlotID, lectureid, timeStart, timeEnd, firstday, secondday) VALUES
('se1801', 1, 'sp23', 1, 1, '10', '2023-01-02', '2023-03-27', '2023-01-03', '2023-01-05'),
('se1801', 2, 'sp23', 1, 2, '9', '2023-01-02', '2023-03-26', '2023-01-03', '2023-01-05'),
('se1801', 3, 'sp23', 1, 1, '8', '2023-01-02', '2023-03-26', '2023-01-04', '2023-01-06'),
('se1801', 4, 'sp23', 1, 2, '7', '2023-01-02', '2023-03-26', '2023-01-04', '2023-01-06'),
('se1817', 19, 'sp24', 2, 3, '1', '2024-01-01', '2024-03-24', '2024-01-03', '2024-01-05'),
('se1817', 18, 'sp24', 2, 4, '4', '2024-01-01', '2024-03-24', '2024-01-03', '2024-01-05'),
('se1817', 17, 'sp24', 2, 4, '2', '2024-01-01', '2024-03-24', '2024-01-02', '2024-01-04'),
('se1817', 16, 'sp24', 2, 3, '3', '2024-01-01', '2024-03-24', '2024-01-02', '2024-01-04');

insert into student_group values

('he1',5),
('he2',5),
('he3',5),
('he4',5),
('he5',5),
('he6',5),
('he7',5),
('he8',5),
('he9',5),
('he10',5),
('he1',6),
('he2',6),
('he3',6),
('he4',6),
('he5',6),
('he6',6),
('he7',6),
('he8',6),
('he9',6),
('he10',6),
('he1',7),
('he2',7),
('he3',7),
('he4',7),
('he5',7),
('he6',7),
('he7',7),
('he8',7),
('he9',7),
('he10',7),
('he1',8),
('he2',8),
('he3',8),
('he4',8),
('he5',8),
('he6',8),
('he7',8),
('he8',8),
('he9',8),
('he10',8)

INSERT INTO Feedback (StudentId, LectureId,Content, [DATE]) 
VALUES
  ('he1', 1, 'Good lecture!', '2024-02-15'),
  ('he2', 2, 'Very informative!', '2024-03-10')

INSERT INTO Notice ([Status], StudentId, LectureId, Date, Content)
VALUES 
  ('Published', 'he1', 1, '2024-03-01', 'Important notice about upcoming events.'),
  ('Draft', 'he2', 2, '2024-03-05', 'Upcoming parent-teacher meeting.')






  Select*From Feedback






