<?xml version="1.0" encoding="UTF-8"?>
<project-private xmlns="http://www.netbeans.org/ns/project-private/1">
    <editor-bookmarks xmlns="http://www.netbeans.org/ns/editor-bookmarks/2" lastBookmarkId="0"/>
    <open-files xmlns="http://www.netbeans.org/ns/projectui-open-files/2">
        <group>
            <file>file:/C:/Users/ASUS/Documents/SE1760-NJ/SWP391/TestDemo1/web/ListStudent.jsp</file>
            <file>file:/C:/Users/ASUS/Documents/SE1760-NJ/SWP391/TestDemo1/web/UpdateStudent.jsp</file>
            <file>file:/C:/Users/ASUS/Documents/SE1760-NJ/SWP391/TestDemo1/src/java/dal/DAO.java</file>
            <file>file:/C:/Users/ASUS/Documents/SE1760-NJ/SWP391/TestDemo1/src/java/controller/ListStudent.java</file>
            <file>file:/C:/Users/ASUS/Documents/SE1760-NJ/SWP391/TestDemo1/src/java/controller/UpdateStudent.java</file>
        </group>
    </open-files>
</project-private>
