<?xml version="1.0" encoding="UTF-8"?>
<project-private xmlns="http://www.netbeans.org/ns/project-private/1">
    <editor-bookmarks xmlns="http://www.netbeans.org/ns/editor-bookmarks/2" lastBookmarkId="0"/>
    <open-files xmlns="http://www.netbeans.org/ns/projectui-open-files/2">
        <group>
            <file>file:/C:/Users/Tlinh/Downloads/TestDemo%20(2)/TestDemo/src/java/controller/personalinfo/StudentInfomationController.java</file>
            <file>file:/C:/Users/Tlinh/Downloads/TestDemo%20(2)/TestDemo/web/AddStudent.jsp</file>
            <file>file:/C:/Users/Tlinh/Downloads/TestDemo%20(2)/TestDemo/web/ListStudent.jsp</file>
            <file>file:/C:/Users/Tlinh/Downloads/TestDemo%20(2)/TestDemo/web/UpdateStudent.jsp</file>
            <file>file:/C:/Users/Tlinh/Downloads/TestDemo%20(2)/TestDemo/web/AddLecture.jsp</file>
            <file>file:/C:/Users/Tlinh/Downloads/TestDemo%20(2)/TestDemo/web/ListLecture.jsp</file>
            <file>file:/C:/Users/Tlinh/Downloads/TestDemo%20(2)/TestDemo/web/view/infomation/student.jsp</file>
            <file>file:/C:/Users/Tlinh/Downloads/TestDemo%20(2)/TestDemo/web/WEB-INF/web.xml</file>
        </group>
    </open-files>
</project-private>
