<?xml version="1.0" encoding="UTF-8"?>
<project-private xmlns="http://www.netbeans.org/ns/project-private/1">
    <editor-bookmarks xmlns="http://www.netbeans.org/ns/editor-bookmarks/2" lastBookmarkId="0"/>
    <open-files xmlns="http://www.netbeans.org/ns/projectui-open-files/2">
        <group>
            <file>file:/C:/Users/Tlinh/Downloads/TestDemo%20(2)/TestDemo/web/login.jsp</file>
            <file>file:/C:/Users/Tlinh/Downloads/TestDemo%20(2)/TestDemo/src/java/dal/TrainingDepartmentDBContext.java</file>
            <file>file:/C:/Users/Tlinh/Downloads/TestDemo%20(2)/TestDemo/src/java/controller/LoginAccount.java</file>
            <file>file:/C:/Users/Tlinh/Downloads/TestDemo%20(2)/TestDemo/web/view/timetable/lecture.jsp</file>
            <file>file:/C:/Users/Tlinh/Downloads/TestDemo%20(2)/TestDemo/src/java/dal/MarkDBContext.java</file>
            <file>file:/C:/Users/Tlinh/Downloads/TestDemo%20(2)/TestDemo/src/java/dal/AttendanceDBContext.java</file>
            <file>file:/C:/Users/Tlinh/Downloads/TestDemo%20(2)/TestDemo/web/view/homebutton.jsp</file>
            <file>file:/C:/Users/Tlinh/Downloads/TestDemo%20(2)/TestDemo/web/TrainDeptHome.jsp</file>
            <file>file:/C:/Users/Tlinh/Downloads/TestDemo%20(2)/TestDemo/src/java/model/Account.java</file>
            <file>file:/C:/Users/Tlinh/Downloads/TestDemo%20(2)/TestDemo/web/view/infomation/TrainingDepartment.jsp</file>
            <file>file:/C:/Users/Tlinh/Downloads/TestDemo%20(2)/TestDemo/web/AddStudent.jsp</file>
            <file>file:/C:/Users/Tlinh/Downloads/TestDemo%20(2)/TestDemo/web/LectureHome.jsp</file>
            <file>file:/C:/Users/Tlinh/Downloads/TestDemo%20(2)/TestDemo/src/java/controller/LoginGoogle.java</file>
            <file>file:/C:/Users/Tlinh/Downloads/TestDemo%20(2)/TestDemo/src/java/controller/UpdateFeedback.java</file>
            <file>file:/C:/Users/Tlinh/Downloads/TestDemo%20(2)/TestDemo/web/view/infomation/lecture.jsp</file>
            <file>file:/C:/Users/Tlinh/Downloads/TestDemo%20(2)/TestDemo/src/java/dal/DBContext.java</file>
            <file>file:/C:/Users/Tlinh/Downloads/TestDemo%20(2)/TestDemo/web/UpdateStudent.jsp</file>
            <file>file:/C:/Users/Tlinh/Downloads/TestDemo%20(2)/TestDemo/web/AddLecture.jsp</file>
            <file>file:/C:/Users/Tlinh/Downloads/TestDemo%20(2)/TestDemo/src/java/dal/LectureDBContext.java</file>
            <file>file:/C:/Users/Tlinh/Downloads/TestDemo%20(2)/TestDemo/src/java/model/Mark.java</file>
            <file>file:/C:/Users/Tlinh/Downloads/TestDemo%20(2)/TestDemo/src/java/dal/StudentDBContext.java</file>
            <file>file:/C:/Users/Tlinh/Downloads/TestDemo%20(2)/TestDemo/src/java/filter/HomeFilter.java</file>
            <file>file:/C:/Users/Tlinh/Downloads/TestDemo%20(2)/TestDemo/src/java/model/Lecture.java</file>
            <file>file:/C:/Users/Tlinh/Downloads/TestDemo%20(2)/TestDemo/src/java/controller/personalinfo/StudentInfomationController.java</file>
            <file>file:/C:/Users/Tlinh/Downloads/TestDemo%20(2)/TestDemo/src/java/controller/attendance/CheckAttendanceStudent.java</file>
            <file>file:/C:/Users/Tlinh/Downloads/TestDemo%20(2)/TestDemo/src/java/controller/personalinfo/LectureInfo.java</file>
            <file>file:/C:/Users/Tlinh/Downloads/TestDemo%20(2)/TestDemo/src/java/controller/personalinfo/TrainDeptInfo.java</file>
            <file>file:/C:/Users/Tlinh/Downloads/TestDemo%20(2)/TestDemo/src/java/controller/attendance/LectureAttendance.java</file>
            <file>file:/C:/Users/Tlinh/Downloads/TestDemo%20(2)/TestDemo/src/java/dal/DAO.java</file>
            <file>file:/C:/Users/Tlinh/Downloads/TestDemo%20(2)/TestDemo/src/java/dal/AccountDBContext.java</file>
            <file>file:/C:/Users/Tlinh/Downloads/TestDemo%20(2)/TestDemo/web/ListLecture.jsp</file>
            <file>file:/C:/Users/Tlinh/Downloads/TestDemo%20(2)/TestDemo/src/java/model/TrainingDepartment.java</file>
            <file>file:/C:/Users/Tlinh/Downloads/TestDemo%20(2)/TestDemo/web/StudentHome.jsp</file>
            <file>file:/C:/Users/Tlinh/Downloads/TestDemo%20(2)/TestDemo/web/WEB-INF/web.xml</file>
            <file>file:/C:/Users/Tlinh/Downloads/TestDemo%20(2)/TestDemo/web/view/infomation/student.jsp</file>
        </group>
    </open-files>
</project-private>
